Accounting,Bachelor of Commerce,Specialist
Actuarial Science,Honours Bachelor of Science,"Specialist, Major"
African Studies,Honours Bachelor of Arts,"Specialist, Minor, Major"
American Studies,Honours Bachelor of Arts,"Minor, Major"
Animal Physiology,Honours Bachelor of Science,Major
Anthropology,Honours Bachelor of Arts | Honours Bachelor of Science,"Specialist, Minor, Major"
Anthropology,Honours Bachelor of Science | Honours Bachelor of Arts,"Specialist, Minor, Major"
Anthropology,Honours Bachelor of Science | Honours Bachelor of Arts,"Specialist, Minor, Major"
Applied Mathematics,Honours Bachelor of Science,Specialist
Applied Statistics,Honours Bachelor of Science,"Specialist, Minor, Major"
Applied Statistics,Honours Bachelor of Science,Specialist
Archaeology,Honours Bachelor of Arts,Specialist
Architectural Studies,Honours Bachelor of Arts,Major
Art and Art History (joint program with Sheridan College),Honours Bachelor of Arts,"Specialist, Major"
Art History,Honours Bachelor of Arts,"Specialist, Minor, Major"
Art History and Visual Culture,Honours Bachelor of Arts,"Minor, Major"
Arts Management,Honours Bachelor of Arts,Specialist
Astronomical Sciences,Honours Bachelor of Science,Specialist
Astronomy,Honours Bachelor of Science,Major
Astronomy and Astrophysics,Honours Bachelor of Science,"Minor, Major"
Astronomy and Physics,Honours Bachelor of Science,Specialist
"Behaviour, Genetics and Neurobiology",Honours Bachelor of Science,Specialist
Biochemistry,Honours Bachelor of Science,"Specialist, Major"
Biochemistry,Honours Bachelor of Science,Major
Biodiversity and Conservation Biology,Honours Bachelor of Science,Major
Bioethics,Honours Bachelor of Arts,"Specialist, Minor, Major"
Bioinformatics,Honours Bachelor of Science,Specialist
Bioinformatics and Computational Biology,Honours Bachelor of Science,Specialist
Biological Chemistry,Honours Bachelor of Science,Specialist
Biological Chemistry,Honours Bachelor of Science,Specialist
Biological Chemistry,Honours Bachelor of Science,Specialist
Biological Physics,Honours Bachelor of Science,Specialist
Biology,Honours Bachelor of Science,"Minor, Major"
Biology,Honours Bachelor of Science,"Specialist, Minor, Major"
Biology,Honours Bachelor of Science,"Specialist, Minor, Major"
Biology for Health Sciences,Honours Bachelor of Science,Major
Biomedical Physics,Honours Bachelor of Science,Specialist
Biomedical Toxicology,Honours Bachelor of Science,"Specialist, Major"
Biotechnology,Honours Bachelor of Science,Specialist
Book and Media Studies,Honours Bachelor of Arts,"Minor, Major"
Buddhist Studies,Honours Bachelor of Arts,"Specialist, Major"
Canadian Studies,Honours Bachelor of Arts,"Minor, Major"
Canadian Studies,Honours Bachelor of Arts,"Specialist, Minor, Major"
Caribbean Studies,Honours Bachelor of Arts,"Specialist, Minor, Major"
Cell and Molecular Biology,Honours Bachelor of Science,"Specialist, Major"
Celtic Studies,Honours Bachelor of Arts,"Specialist, Minor, Major"
Chemical Engineering,Bachelor of Applied Science in Engineering Science | Bachelor of Applied Science,"Program, Minor"
Chemical Physics,Honours Bachelor of Science,Specialist
Chemistry,Honours Bachelor of Science,"Specialist, Major"
Chemistry,Honours Bachelor of Science,"Specialist, Minor, Major"
Chemistry,Honours Bachelor of Science,"Specialist, Minor, Major"
Christianity and Culture,Honours Bachelor of Arts,"Specialist, Minor, Major"
Cinema Studies,Honours Bachelor of Arts,"Specialist, Minor, Major"
City Studies,Honours Bachelor of Arts,"Specialist, Minor, Major"
Civil Engineering,Bachelor of Applied Science,Program
Classical Civilization,Honours Bachelor of Arts,"Minor, Major"
Classical Civilization,Honours Bachelor of Arts,"Minor, Major"
Classics (Greek and Latin),Honours Bachelor of Arts,Major
Cognitive Science (Arts),Honours Bachelor of Arts,Major
Cognitive Science (Science),Honours Bachelor of Science,Major
Accounting,Bachelor of Commerce,Specialist
Actuarial Science,Honours Bachelor of Science,"Specialist, Major"
African Studies,Honours Bachelor of Arts,"Specialist, Minor, Major"
American Studies,Honours Bachelor of Arts,"Minor, Major"
Animal Physiology,Honours Bachelor of Science,Major
Anthropology,Honours Bachelor of Arts | Honours Bachelor of Science,"Specialist, Minor, Major"
Anthropology,Honours Bachelor of Science | Honours Bachelor of Arts,"Specialist, Minor, Major"
Anthropology,Honours Bachelor of Science | Honours Bachelor of Arts,"Specialist, Minor, Major"
Applied Mathematics,Honours Bachelor of Science,Specialist
Applied Statistics,Honours Bachelor of Science,"Specialist, Minor, Major"
Applied Statistics,Honours Bachelor of Science,Specialist
Archaeology,Honours Bachelor of Arts,Specialist
Architectural Studies,Honours Bachelor of Arts,Major
Art and Art History (joint program with Sheridan College),Honours Bachelor of Arts,"Specialist, Major"
Art History,Honours Bachelor of Arts,"Specialist, Minor, Major"
Art History and Visual Culture,Honours Bachelor of Arts,"Minor, Major"
Arts Management,Honours Bachelor of Arts,Specialist
Astronomical Sciences,Honours Bachelor of Science,Specialist
Astronomy,Honours Bachelor of Science,Major
Astronomy and Astrophysics,Honours Bachelor of Science,"Minor, Major"
Astronomy and Physics,Honours Bachelor of Science,Specialist
"Behaviour, Genetics and Neurobiology",Honours Bachelor of Science,Specialist
Biochemistry,Honours Bachelor of Science,"Specialist, Major"
Biochemistry,Honours Bachelor of Science,Major
Biodiversity and Conservation Biology,Honours Bachelor of Science,Major
Bioethics,Honours Bachelor of Arts,"Specialist, Minor, Major"
Bioinformatics,Honours Bachelor of Science,Specialist
Bioinformatics and Computational Biology,Honours Bachelor of Science,Specialist
Biological Chemistry,Honours Bachelor of Science,Specialist
Biological Chemistry,Honours Bachelor of Science,Specialist
Biological Chemistry,Honours Bachelor of Science,Specialist
Biological Physics,Honours Bachelor of Science,Specialist
Biology,Honours Bachelor of Science,"Minor, Major"
Biology,Honours Bachelor of Science,"Specialist, Minor, Major"
Biology,Honours Bachelor of Science,"Specialist, Minor, Major"
Biology for Health Sciences,Honours Bachelor of Science,Major
Biomedical Physics,Honours Bachelor of Science,Specialist
Biomedical Toxicology,Honours Bachelor of Science,"Specialist, Major"
Biotechnology,Honours Bachelor of Science,Specialist
Book and Media Studies,Honours Bachelor of Arts,"Minor, Major"
Buddhist Studies,Honours Bachelor of Arts,"Specialist, Major"
Canadian Studies,Honours Bachelor of Arts,"Minor, Major"
Canadian Studies,Honours Bachelor of Arts,"Specialist, Minor, Major"
Caribbean Studies,Honours Bachelor of Arts,"Specialist, Minor, Major"
Cell and Molecular Biology,Honours Bachelor of Science,"Specialist, Major"
Celtic Studies,Honours Bachelor of Arts,"Specialist, Minor, Major"
Chemical Engineering,Bachelor of Applied Science in Engineering Science | Bachelor of Applied Science,"Program, Minor"
Chemical Physics,Honours Bachelor of Science,Specialist
Chemistry,Honours Bachelor of Science,"Specialist, Major"
Chemistry,Honours Bachelor of Science,"Specialist, Minor, Major"
Chemistry,Honours Bachelor of Science,"Specialist, Minor, Major"
Christianity and Culture,Honours Bachelor of Arts,"Specialist, Minor, Major"
Cinema Studies,Honours Bachelor of Arts,"Specialist, Minor, Major"
City Studies,Honours Bachelor of Arts,"Specialist, Minor, Major"
Civil Engineering,Bachelor of Applied Science,Program
Classical Civilization,Honours Bachelor of Arts,"Minor, Major"
Classical Civilization,Honours Bachelor of Arts,"Minor, Major"
Classics (Greek and Latin),Honours Bachelor of Arts,Major
Cognitive Science (Arts),Honours Bachelor of Arts,Major
Cognitive Science (Science),Honours Bachelor of Science,Major
Commerce,Bachelor of Commerce | Honours Bachelor of Arts,"Specialist, Major"
"Communication, Culture, Information, and Technology",Honours Bachelor of Arts,Major
Comparative Physiology,Honours Bachelor of Science,Specialist
Computer Engineering,Bachelor of Applied Science,Program
Computer Science,Honours Bachelor of Science,"Specialist, Minor, Major"
Computer Science,Honours Bachelor of Science,"Specialist, Minor, Major"
Computer Science,Honours Bachelor of Science,"Specialist, Minor, Major"
Conservation and Biodiversity,Honours Bachelor of Science,"Specialist, Major"
Contemporary Asian Studies Program (Dr. David Chu),Honours Bachelor of Arts,"Minor, Major"
Criminology,Honours Bachelor of Arts,"Specialist, Major"
Criminology and Socio-Legal Studies,Honours Bachelor of Arts,"Specialist, Major"
Czech and Slovak Studies,Honours Bachelor of Arts,"Minor, Major"
Developmental Biology,Honours Bachelor of Science,Specialist
Diaspora and Transnational Studies,Honours Bachelor of Arts,"Minor, Major"
Diaspora and Transnational Studies,Honours Bachelor of Arts,"Minor, Major"
Diaspora and Transnational Studies,Honours Bachelor of Arts,"Minor, Major"
Digital Enterprise Management,Honours Bachelor of Arts,Specialist
Drama,Honours Bachelor of Arts,"Specialist, Minor, Major"
Earth Science,Honours Bachelor of Science,"Specialist, Minor, Major"
East Asian Studies,Honours Bachelor of Arts,"Specialist, Minor, Major"
Ecology and Evolution,Honours Bachelor of Science,Specialist
Ecology and Evolutionary Biology,Honours Bachelor of Science,"Specialist, Major"
Economics,Bachelor of Commerce | Honours Bachelor of Arts,"Specialist, Minor, Major"
Economics,Honours Bachelor of Arts,"Specialist, Minor, Major"
Economics and Mathematics,Honours Bachelor of Science,Specialist
Economics and Political Science,Honours Bachelor of Arts,Specialist
Economics for Management Studies,Bachelor of Business Administration | Honours Bachelor of Arts,"Specialist, Minor, Major"
Education,Bachelor of Education,Program
Electrical Engineering,Bachelor of Applied Science in Engineering Science | Bachelor of Applied Science,"Program, Minor"
Employment Relations,Honours Bachelor of Arts,"Specialist, Major"
Engineering Science,Bachelor of Applied Science in Engineering Science | Bachelor of Applied Science,"Program, Minor"
English,Honours Bachelor of Arts,"Specialist, Minor, Major"
English,Honours Bachelor of Arts,"Specialist, Major"
English,Honours Bachelor of Arts,"Specialist, Minor, Major"
Environment and Health,Honours Bachelor of Science,"Specialist, Major"
Environment and Toxicology,Honours Bachelor of Science,Specialist
Environmental Biology,Honours Bachelor of Science,"Minor, Major"
Environmental Biology,Honours Bachelor of Science,Specialist
Environmental Chemistry,Honours Bachelor of Science,Specialist
Environmental Chemistry,Honours Bachelor of Science,"Specialist, Minor"
Environmental Ethics,Honours Bachelor of Arts,"Minor, Major"
Environmental Geography,Honours Bachelor of Arts,"Specialist, Minor, Major"
Environmental Geoscience,Honours Bachelor of Science,Specialist
Environmental Geosciences,Honours Bachelor of Science,"Specialist, Minor, Major"
Environmental Geosciences,Honours Bachelor of Science,Specialist
Environmental Management,Honours Bachelor of Arts,"Specialist, Minor, Major"
Environmental Physics,Honours Bachelor of Science,Specialist
Environmental Science,Honours Bachelor of Science,"Minor, Major"
Environmental Science,Honours Bachelor of Science,"Specialist, Minor, Major"
Environmental Science,Honours Bachelor of Science,"Minor, Major"
Environmental Studies,Honours Bachelor of Arts,"Minor, Major"
Environmental Studies,Honours Bachelor of Arts,Major
Equity Studies,Honours Bachelor of Arts,Major
"Ethics, Society and Law",Honours Bachelor of Arts,Major
European Studies,Honours Bachelor of Arts,Major
Exceptionality in Human Learning,Honours Bachelor of Science,"Specialist, Major"
Finance and Economics,Bachelor of Commerce,Specialist
Financial Economics,Honours Bachelor of Science,Specialist
Financial Economics,Honours Bachelor of Science,Specialist
Finnish Studies,Honours Bachelor of Arts,"Minor, Major"
Forensic Science,Honours Bachelor of Science,"Specialist, Minor, Major"
Forest Biomaterials Science,Honours Bachelor of Science,"Minor, Major"
Forest Conservation (Arts),Honours Bachelor of Arts,"Specialist, Minor, Major"
Forest Conservation (Science),Honours Bachelor of Science,"Specialist, Minor, Major"
French,Honours Bachelor of Arts,"Specialist, Minor, Major"
French and Italian,Honours Bachelor of Arts,Specialist
French Language and French Linguistics,Honours Bachelor of Arts,"Specialist, Major"
French Language and Literature,Honours Bachelor of Arts,"Specialist, Major"
French Language Learning,Honours Bachelor of Arts,Major
French Studies,Honours Bachelor of Arts,"Specialist, Minor, Major"
General Physics,Honours Bachelor of Science,Major
"Genes, Genetics and Biotechnology",Honours Bachelor of Science,"Specialist, Major"
Genome Biology,Honours Bachelor of Science,Major
Geographical Information Systems,Honours Bachelor of Science,"Minor, Major"
Geography,Honours Bachelor of Science | Honours Bachelor of Arts,"Specialist, Minor, Major"
Geology,Honours Bachelor of Science,Specialist
Geology,Honours Bachelor of Science,Specialist
Geophysics,Honours Bachelor of Science,Specialist
Geoscience,Honours Bachelor of Science,"Minor, Major"
German and Ukrainian,Honours Bachelor of Arts,Specialist
German Studies,Honours Bachelor of Arts,"Specialist, Minor, Major"
Global Asia Studies,Honours Bachelor of Arts,"Specialist, Minor, Major"
Global Health,Honours Bachelor of Science,"Specialist, Major"
Greek,Honours Bachelor of Arts,"Minor, Major"
Health and Disease,Honours Bachelor of Science,"Specialist, Major"
Health Studies,Honours Bachelor of Science | Honours Bachelor of Arts,Major
Health Studies,Honours Bachelor of Arts,"Specialist, Major"
History,Honours Bachelor of Arts,"Specialist, Minor, Major"
History,Honours Bachelor of Arts,"Specialist, Minor, Major"
History,Honours Bachelor of Arts,"Specialist, Minor, Major"
History and Philosophy of Science and Technology,Honours Bachelor of Arts,"Minor, Major"
History and Political Science,Honours Bachelor of Arts,Specialist
History of Art,Honours Bachelor of Arts,"Specialist, Minor, Major"
History of Religions,Honours Bachelor of Arts,"Specialist, Minor, Major"
Human Biology,Honours Bachelor of Science,"Specialist, Major"
Human Biology,Honours Bachelor of Science,Major
Human Geography,Honours Bachelor of Arts,"Specialist, Minor, Major"
Human Geography,Honours Bachelor of Arts,"Specialist, Minor, Major"
Hungarian Studies,Honours Bachelor of Arts,"Minor, Major"
Immunology,Honours Bachelor of Science,"Specialist, Minor, Major"
Indigenous Studies,Honours Bachelor of Arts,"Specialist, Minor, Major"
Industrial Engineering,Bachelor of Applied Science,Program
Information Security,Honours Bachelor of Science,Specialist
Integrative Biology,Honours Bachelor of Science,"Specialist, Major"
Interactive Digital Media,Honours Bachelor of Arts,Specialist
International Affairs,Honours Bachelor of Arts,Specialist
International Development Studies,Honours Bachelor of Science | Honours Bachelor of Arts,"Specialist, Minor, Major"
International Relations,Honours Bachelor of Arts,"Specialist, Major"
Islamic Studies,Honours Bachelor of Arts,Major
Italian,Honours Bachelor of Arts,"Specialist, Minor, Major"
Italian,Honours Bachelor of Arts,"Specialist, Minor, Major"
Jewish Studies,Honours Bachelor of Arts,"Specialist, Minor, Major"
Journalism (Joint Program with Centennial College),Honours Bachelor of Arts,Specialist
Kinesiology,Bachelor of Kinesiology,Program
Language Teaching and Learning: French and Italian,Honours Bachelor of Arts,"Specialist, Major"
Lassonde Mineral Engineering,Bachelor of Applied Science,Program
Latin,Honours Bachelor of Arts,"Minor, Major"
Latin American Studies,Honours Bachelor of Arts,"Minor, Major"
Linguistics,Honours Bachelor of Arts,"Specialist, Minor, Major"
Linguistics,Honours Bachelor of Arts,"Specialist, Minor, Major"
Linguistics,Honours Bachelor of Arts,"Specialist, Minor, Major"
Literary Studies,Honours Bachelor of Arts,"Specialist, Minor, Major"
Management,Bachelor of Business Administration,Specialist
Management,Bachelor of Commerce,Specialist
Management,Bachelor of Business Administration | Honours Bachelor of Arts,"Specialist, Major"
Management and Accounting,Bachelor of Business Administration,Specialist
Management and Finance,Bachelor of Business Administration,Specialist
Management and Human Resources,Bachelor of Business Administration,Specialist
Management and Information Technology,Bachelor of Business Administration,Specialist
Management and International Business,Bachelor of Business Administration,Specialist
Management and Marketing,Bachelor of Business Administration,Specialist
Materials Engineering,Bachelor of Applied Science in Engineering Science | Bachelor of Applied Science,"Program, Minor"
Materials Science,Honours Bachelor of Science,Specialist
Mathematical Applications in Economics and Finance,Honours Bachelor of Science,Specialist
Mathematical Sciences,Honours Bachelor of Science,"Specialist, Minor, Major"
Mathematics,Honours Bachelor of Science,"Specialist, Minor, Major"
Mathematics,Honours Bachelor of Science,"Specialist, Major"
Mathematics and its Applications,Honours Bachelor of Science,Specialist
Mathematics and Philosophy,Honours Bachelor of Science,Specialist
Mathematics and Physics,Honours Bachelor of Science,Specialist
Mechanical Engineering,Bachelor of Applied Science | Bachelor of Applied Science in Engineering Science,"Program, Minor"
Media Studies,Honours Bachelor of Arts,"Minor, Major"
Mediaeval Studies,Honours Bachelor of Arts,"Specialist, Minor, Major"
Medical Radiation Sciences,Bachelor of Science in Medical Radiation Science,Program
Mental Health Studies,Honours Bachelor of Science,"Specialist, Major"
Molecular Biology,Honours Bachelor of Science,Specialist
Molecular Biology and Biotechnology,Honours Bachelor of Science,"Specialist, Major"
Molecular Genetics and Microbiology,Honours Bachelor of Science,"Specialist, Major"
Music,Honours Bachelor of Arts,"Specialist, Major"
Music (Faculty of Music),Bachelor of Music | Bachelor of Music in Performance,"Program, Minor"
Music and Culture,Honours Bachelor of Arts,"Minor, Major"
Music in Performance,Bachelor of Music in Performance | Bachelor of Music,"Program, Minor"
Music with Ensemble Option,Honours Bachelor of Arts,"Specialist, Major"
Near and Middle Eastern Civilizations,Honours Bachelor of Arts,"Specialist, Minor, Major"
Neuroscience,Honours Bachelor of Science,"Specialist, Major"
Neuroscience,Honours Bachelor of Science,"Specialist, Major"
New Media Studies (Joint Program with Centennial College),Honours Bachelor of Arts,Major
Nursing,Bachelor of Science in Nursing,Program
Nutritional Sciences,Honours Bachelor of Science,Major
Paleontology,Honours Bachelor of Science,Major
Paramedicine (Joint Program with Centennial College),Honours Bachelor of Science,Specialist
Pathobiology,Honours Bachelor of Science,Specialist
"Peace, Conflict and Justice",Honours Bachelor of Arts,"Specialist, Major"
Pharmaceutical Chemistry,Honours Bachelor of Science,Specialist
Pharmacology,Honours Bachelor of Science,"Specialist, Major"
Pharmacology and Biomedical Toxicology,Honours Bachelor of Science,Specialist
Pharmacy,Doctor of Pharmacy,Program
Philosophy,Honours Bachelor of Arts,"Specialist, Minor, Major"
Philosophy,Honours Bachelor of Arts,"Specialist, Minor, Major"
Philosophy,Honours Bachelor of Arts,"Specialist, Minor, Major"
Philosophy and Physics,Honours Bachelor of Science,Specialist
Physical and Environmental Geography,Honours Bachelor of Science,"Specialist, Minor, Major"
Physical and Human Geography,Honours Bachelor of Arts,Major
Physical and Mathematical Sciences,Honours Bachelor of Science,Specialist
Physical Sciences,Honours Bachelor of Science,Major
Physician Assistant,Bachelor of Science Physician Assistant,Program
Physics,Honours Bachelor of Science,"Specialist, Minor, Major"
Physics,Honours Bachelor of Science,"Minor, Major"
Physics and Astrophysics,Honours Bachelor of Science,"Specialist, Major"
Physiology,Honours Bachelor of Science,"Specialist, Minor, Major"
Planetary Science,Honours Bachelor of Science,Specialist
Polish Language and Literature,Honours Bachelor of Arts,"Minor, Major"
Polish Studies,Honours Bachelor of Arts,"Minor, Major"
Political Science,Honours Bachelor of Arts,"Specialist, Minor, Major"
Political Science,Honours Bachelor of Arts,"Specialist, Minor, Major"
Political Science,Honours Bachelor of Arts,"Specialist, Minor, Major"
Portuguese,Honours Bachelor of Arts,"Specialist, Minor, Major"
Prehistoric Archaeology,Honours Bachelor of Arts,Major
Professional Writing and Communication,Honours Bachelor of Arts,"Minor, Major"
Psycholinguistics,Honours Bachelor of Arts | Honours Bachelor of Science,Specialist
Psychology,Honours Bachelor of Science,"Specialist, Minor, Major"
Psychology,Honours Bachelor of Science,"Specialist, Minor, Major"
Psychology,Honours Bachelor of Science,"Specialist, Minor, Major"
Psychology Research,Honours Bachelor of Science,Specialist
Public Policy,Honours Bachelor of Arts,Major
Public Policy,Honours Bachelor of Arts,Major
Religion,Honours Bachelor of Arts,"Specialist, Minor, Major"
Religion: Christian Origins,Honours Bachelor of Arts,Specialist
Renaissance Studies,Honours Bachelor of Arts,"Specialist, Minor, Major"
Russian Language and Literature,Honours Bachelor of Arts,"Specialist, Minor, Major"
Sexual Diversity Studies,Honours Bachelor of Arts,"Specialist, Minor, Major"
Sociology,Honours Bachelor of Arts,"Specialist, Minor, Major"
Sociology,Honours Bachelor of Arts,"Specialist, Minor, Major"
Sociology,Honours Bachelor of Arts,"Specialist, Minor, Major"
South Slavic Studies,Honours Bachelor of Arts,"Minor, Major"
Spanish,Honours Bachelor of Arts,"Specialist, Minor, Major"
Statistics,Honours Bachelor of Science,"Specialist, Minor, Major"
Statistics,Honours Bachelor of Science,"Specialist, Minor, Major"
Statistics and Mathematics,Honours Bachelor of Science,Specialist
Strategic Management,Bachelor of Business Administration,Specialist
Studio,Honours Bachelor of Arts,"Specialist, Minor, Major"
Synthetic and Catalytic Chemistry,Honours Bachelor of Science,Specialist
Theatre and Performance Studies,Honours Bachelor of Arts,"Minor, Major"
"Theatre, Drama and Performance Studies",Honours Bachelor of Arts,"Minor, Major"
Ukrainian Language and Literature,Honours Bachelor of Arts,"Specialist, Minor, Major"
Urban Studies,Honours Bachelor of Arts,"Specialist, Minor, Major"
Visual Culture and Communication,Honours Bachelor of Arts,Specialist
Visual Studies,Honours Bachelor of Arts,"Specialist, Minor, Major"
Women and Gender Studies,Honours Bachelor of Arts,"Specialist, Minor, Major"
Women and Gender Studies,Honours Bachelor of Arts,"Minor, Major"
Women's and Gender Studies,Honours Bachelor of Arts,"Minor, Major"
